{"cameraMode":{"drawMode":0,"name":"Shaded","section":"Shading Mode"},"sceneLighting":false,"audioPlay":false,"sceneViewState":{"showFog":true,"showMaterialUpdate":true,"showSkybox":true,"showFlares":true,"showImageEffects":true,"showParticleSystems":true},"in2DMode":false,"pivot":{"x":883.7494506835938,"y":1086.5941162109375,"z":173.66651916503907},"rotation":{"x":0.0879860371351242,"y":-0.7731834053993225,"z":0.10814112424850464,"w":0.6192986965179443},"size":1854.7646484375,"orthographic":false}