{"cameraMode":{"drawMode":0,"name":"Shaded","section":"Shading Mode"},"sceneLighting":false,"audioPlay":false,"sceneViewState":{"showFog":true,"showMaterialUpdate":true,"showSkybox":true,"showFlares":true,"showImageEffects":true,"showParticleSystems":true},"in2DMode":false,"pivot":{"x":521.7235107421875,"y":-73.11326599121094,"z":35.360931396484378},"rotation":{"x":0.053919997066259387,"y":0.04491935297846794,"z":-0.0024333405308425428,"w":0.9975401163101196},"size":1822.8682861328125,"orthographic":true}