{"cameraMode":{"drawMode":0,"name":"Shaded","section":"Shading Mode"},"sceneLighting":false,"audioPlay":false,"sceneViewState":{"showFog":true,"showMaterialUpdate":true,"showSkybox":true,"showFlares":true,"showImageEffects":true,"showParticleSystems":true},"in2DMode":false,"pivot":{"x":0.11291692405939102,"y":-0.6374146938323975,"z":-0.6476901769638062},"rotation":{"x":-0.035535700619220737,"y":0.9644416570663452,"z":-0.1893126219511032,"w":-0.18150989711284638},"size":3.1428937911987306,"orthographic":false}