{"cameraMode":{"drawMode":0,"name":"Shaded","section":"Shading Mode"},"sceneLighting":false,"audioPlay":false,"sceneViewState":{"showFog":true,"showMaterialUpdate":true,"showSkybox":true,"showFlares":true,"showImageEffects":true,"showParticleSystems":true},"in2DMode":false,"pivot":{"x":0.4950000047683716,"y":-0.10892581194639206,"z":2.0},"rotation":{"x":0.07330846786499024,"y":0.058309026062488559,"z":-0.004293547943234444,"w":0.9955947399139404},"size":3.0047647953033449,"orthographic":true}