{"cameraMode":{"drawMode":0,"name":"Shaded","section":"Shading Mode"},"sceneLighting":false,"audioPlay":false,"sceneViewState":{"showFog":true,"showMaterialUpdate":true,"showSkybox":true,"showFlares":true,"showImageEffects":true,"showParticleSystems":true},"in2DMode":false,"pivot":{"x":1.231177806854248,"y":0.3637657165527344,"z":-0.4533096253871918},"rotation":{"x":-0.03500996530056,"y":0.758817732334137,"z":0.04069799929857254,"w":0.6496500372886658},"size":5.415767192840576,"orthographic":false}