{"cameraMode":{"drawMode":0,"name":"Shaded","section":"Shading Mode"},"sceneLighting":false,"audioPlay":false,"sceneViewState":{"showFog":true,"showMaterialUpdate":true,"showSkybox":true,"showFlares":true,"showImageEffects":true,"showParticleSystems":true},"in2DMode":false,"pivot":{"x":1226.7080078125,"y":168.69244384765626,"z":307.77044677734377},"rotation":{"x":0.06587804108858109,"y":-0.04787837341427803,"z":0.003184707136824727,"w":0.9967091679573059},"size":1472.4945068359375,"orthographic":true}