{"cameraMode":{"drawMode":0,"name":"Shaded","section":"Shading Mode"},"sceneLighting":false,"audioPlay":false,"sceneViewState":{"showFog":true,"showMaterialUpdate":true,"showSkybox":true,"showFlares":true,"showImageEffects":true,"showParticleSystems":true},"in2DMode":false,"pivot":{"x":0.192582905292511,"y":4.76837158203125e-7,"z":2.376267671585083},"rotation":{"x":0.164139062166214,"y":0.06952574849128723,"z":-0.012637974694371224,"w":0.9842957854270935},"size":3.757883071899414,"orthographic":false}